Workbook

Sheet Salary Sheet
A1: HUBLI
A2: SALARY REGISTER
A3: Month: | D3: Year: | E3: 2026
A5: Sr. No | B5: NAME | C5: P Day | D5: OT | E5: Total Day | F5: RATE | G5: Per Day | H5: Salary | I5: OT Amount | J5: Total Salary | K5: Advance | L5: Rcd Advance | M5: Room Rent | N5: Other | O5: Back Salary | P5: Salary Payable
A6: =IF(B6="","",ROW()-5) | E6: =IF(B6="","",C6+D6) | G6: =IFERROR(F6/30,0) | H6: =IF(B6="","",E6*G6) | J6: =IF(B6="","",H6+I6) | K6: =IF(B6="","",IFERROR(INDEX('Advance Sheet'!$L$6:$L$105,MATCH(B6,'Advance Sheet'!$B$6:$B$105,0)),0)) | P6: =IF(B6="","",J6-K6-M6-N6+O6)
A7: =IF(B7="","",ROW()-5) | E7: =IF(B7="","",C7+D7) | G7: =IFERROR(F7/30,0) | H7: =IF(B7="","",E7*G7) | J7: =IF(B7="","",H7+I7) | K7: =IF(B7="","",IFERROR(INDEX('Advance Sheet'!$L$6:$L$105,MATCH(B7,'Advance Sheet'!$B$6:$B$105,0)),0)) | P7: =IF(B7="","",J7-K7-M7-N7+O7)
A8: =IF(B8="","",ROW()-5) | E8: =IF(B8="","",C8+D8) | G8: =IFERROR(F8/30,0) | H8: =IF(B8="","",E8*G8) | J8: =IF(B8="","",H8+I8) | K8: =IF(B8="","",IFERROR(INDEX('Advance Sheet'!$L$6:$L$105,MATCH(B8,'Advance Sheet'!$B$6:$B$105,0)),0)) | P8: =IF(B8="","",J8-K8-M8-N8+O8)
A9: =IF(B9="","",ROW()-5) | E9: =IF(B9="","",C9+D9) | G9: =IFERROR(F9/30,0) | H9: =IF(B9="","",E9*G9) | J9: =IF(B9="","",H9+I9) | K9: =IF(B9="","",IFERROR(INDEX('Advance Sheet'!$L$6:$L$105,MATCH(B9,'Advance Sheet'!$B$6:$B$105,0)),0)) | P9: =IF(B9="","",J9-K9-M9-N9+O9)
A10: =IF(B10="","",ROW()-5) | E10: =IF(B10="","",C10+D10) | G10: =IFERROR(F10/30,0) | H10: =IF(B10="","",E10*G10) | J10: =IF(B10="","",H10+I10) | K10: =IF(B10="","",IFERROR(INDEX('Advance Sheet'!$L$6:$L$105,MATCH(B10,'Advance Sheet'!$B$6:$B$105,0)),0)) | P10: =IF(B10="","",J10-K10-M10-N10+O10)
A11: =IF(B11="","",ROW()-5) | E11: =IF(B11="","",C11+D11) | G11: =IFERROR(F11/30,0) | H11: =IF(B11="","",E11*G11) | J11: =IF(B11="","",H11+I11) | K11: =IF(B11="","",IFERROR(INDEX('Advance Sheet'!$L$6:$L$105,MATCH(B11,'Advance Sheet'!$B$6:$B$105,0)),0)) | P11: =IF(B11="","",J11-K11-M11-N11+O11)
A12: =IF(B12="","",ROW()-5) | E12: =IF(B12="","",C12+D12) | G12: =IFERROR(F12/30,0) | H12: =IF(B12="","",E12*G12) | J12: =IF(B12="","",H12+I12) | K12: =IF(B12="","",IFERROR(INDEX('Advance Sheet'!$L$6:$L$105,MATCH(B12,'Advance Sheet'!$B$6:$B$105,0)),0)) | P12: =IF(B12="","",J12-K12-M12-N12+O12)
A13: =IF(B13="","",ROW()-5) | E13: =IF(B13="","",C13+D13) | G13: =IFERROR(F13/30,0) | H13: =IF(B13="","",E13*G13) | J13: =IF(B13="","",H13+I13) | K13: =IF(B13="","",IFERROR(INDEX('Advance Sheet'!$L$6:$L$105,MATCH(B13,'Advance Sheet'!$B$6:$B$105,0)),0)) | P13: =IF(B13="","",J13-K13-M13-N13+O13)
A14: =IF(B14="","",ROW()-5) | E14: =IF(B14="","",C14+D14) | G14: =IFERROR(F14/30,0) | H14: =IF(B14="","",E14*G14) | J14: =IF(B14="","",H14+I14) | K14: =IF(B14="","",IFERROR(INDEX('Advance Sheet'!$L$6:$L$105,MATCH(B14,'Advance Sheet'!$B$6:$B$105,0)),0)) | P14: =IF(B14="","",J14-K14-M14-N14+O14)
A15: =IF(B15="","",ROW()-5) | E15: =IF(B15="","",C15+D15) | G15: =IFERROR(F15/30,0) | H15: =IF(B15="","",E15*G15) | J15: =IF(B15="","",H15+I15) | K15: =IF(B15="","",IFERROR(INDEX('Advance Sheet'!$L$6:$L$105,MATCH(B15,'Advance Sheet'!$B$6:$B$105,0)),0)) | P15: =IF(B15="","",J15-K15-M15-N15+O15)
A16: =IF(B16="","",ROW()-5) | E16: =IF(B16="","",C16+D16) | G16: =IFERROR(F16/30,0) | H16: =IF(B16="","",E16*G16) | J16: =IF(B16="","",H16+I16) | K16: =IF(B16="","",IFERROR(INDEX('Advance Sheet'!$L$6:$L$105,MATCH(B16,'Advance Sheet'!$B$6:$B$105,0)),0)) | P16: =IF(B16="","",J16-K16-M16-N16+O16)
A17: =IF(B17="","",ROW()-5) | E17: =IF(B17="","",C17+D17) | G17: =IFERROR(F17/30,0) | H17: =IF(B17="","",E17*G17) | J17: =IF(B17="","",H17+I17) | K17: =IF(B17="","",IFERROR(INDEX('Advance Sheet'!$L$6:$L$105,MATCH(B17,'Advance Sheet'!$B$6:$B$105,0)),0)) | P17: =IF(B17="","",J17-K17-M17-N17+O17)
... A104: =IF(B104="","",ROW()-5) | E104: =IF(B104="","",C104+D104) | G104: =IFERROR(F104/30,0) | H104: =IF(B104="","",E104*G104) | J104: =IF(B104="","",H104+I104) | K104: =IF(B104="","",IFERROR(INDEX('Advance Sheet'!$L$6:$L$105,MATCH(B104,'Advance Sheet'!$B$6:$B$105,0)),0)) | P104: =IF(B104="","",J104-K104-M104-N104+O104)
A106: Formula notes:
A107: Total Day = P Day + OT (first OT column). Per Day = RATE ÷ 30. Salary = Total Day × Per Day.
A108: Total Salary = Salary + OT Amount. Salary Payable = Total Salary − Advance − Room Rent − Other + Back Salary.
A109: Advance is linked automatically from the Advance Sheet total for the matching employee name. Enter/edit employee details only in the Salary Sheet and advance entries in the Advance Sheet.

Sheet Advance Sheet
A1: HUBLI
A2: EMPLOYEE ADVANCE REGISTER
A3: Month: | D3: Year: | E3: 2026
A5: Sr. No | B5: NAME | C5: Date 1 | D5: Date 2 | E5: Date 3 | F5: Date 4 | G5: Date 5 | H5: Date 6 | I5: Date 7 | J5: Date 8 | K5: Date 9 | L5: Date 10 | M5: TOTAL
A6: =IF(B6="","",ROW()-5) | L6: =IF(B6="","",SUM(C6:K6))
A7: =IF(B7="","",ROW()-5) | L7: =IF(B7="","",SUM(C7:K7))
A8: =IF(B8="","",ROW()-5) | L8: =IF(B8="","",SUM(C8:K8))
A9: =IF(B9="","",ROW()-5) | L9: =IF(B9="","",SUM(C9:K9))
A10: =IF(B10="","",ROW()-5) | L10: =IF(B10="","",SUM(C10:K10))
A11: =IF(B11="","",ROW()-5) | L11: =IF(B11="","",SUM(C11:K11))
A12: =IF(B12="","",ROW()-5) | L12: =IF(B12="","",SUM(C12:K12))
A13: =IF(B13="","",ROW()-5) | L13: =IF(B13="","",SUM(C13:K13))
A14: =IF(B14="","",ROW()-5) | L14: =IF(B14="","",SUM(C14:K14))
A15: =IF(B15="","",ROW()-5) | L15: =IF(B15="","",SUM(C15:K15))
A16: =IF(B16="","",ROW()-5) | L16: =IF(B16="","",SUM(C16:K16))
A17: =IF(B17="","",ROW()-5) | L17: =IF(B17="","",SUM(C17:K17))
... A105: =IF(B105="","",ROW()-5) | L105: =IF(B105="","",SUM(C105:K105))
A107: Enter payment dates in the header row (C5:K5) and enter each employee's advance amount under the relevant date.
A108: The TOTAL column is linked to the Salary Sheet's Advance column by matching employee name.
