Workbook

Sheet Active
A1: EMPLOYEE MASTER — ACTIVE EMPLOYEES
A2: WORKFLOW: To archive a leaver, copy the full employee row to Inactive, then remove that row from Active. Bank Details updates from Active automatically. Keep the employee ID when rehiring.
A4: Employee ID | B4: Company Name | C4: Employee Name | D4: Designation | E4: Mobile No | F4: ESIC No | G4: Father's Name | H4: Date of Birth | I4: Gender | J4: Marital Status | K4: Date of Joining | L4: Aadhaar No | M4: PAN No | N4: Salary / Wage | O4: Bank Account No | P4: IFSC Code | Q4: Bank Name | R4: Branch | S4: Account Holder Name | T4: UAN / PF No | U4: Nominee Name | V4: Nominee Gender | W4: Nominee DOB | X4: Nominee Relation | Y4: Family Member 1 Name | Z4: Family Member 1 Gender | AA4: Family Member 1 DOB | AB4: Family Member 1 Relation | AC4: Family Member 2 Name | AD4: Family Member 2 Gender | AE4: Family Member 2 DOB | AF4: Family Member 2 Relation | AG4: Emergency Contact | AH4: Address | AI4: Blood Group | AJ4: Remarks
A5: KFI-001 | B5: KFab Infra Project Pvt. Ltd. | C5: ABHISHEK PRAMOD SINGH | E5: 9561008389 | G5: PRAMOD SHRIRAM SINGH | H5: 05-10-1992 | I5: MALE | J5: YEA | K5: 04-01-2026 | L5: 4439 1360 0321 | M5: FYNPS0444G | O5: 50100699878190 | P5: HDFC0002202 | Q5: HDFC | R5: SHIRWAL | S5: ABHISHEK PRAMOD SINGH
A6: KFI-002 | B6: KFab Infra Project Pvt. Ltd. | C6: RITESH AJIT SINGH | E6: 7709170075 | G6: AJIT JAGDISH SINGH | H6: 13-11-2002 | I6: MALE | J6: NO | K6: 04-01-2026 | L6: 6997 3710 7669 | M6: KOIPS7563N | O6: 68029499885 | P6: MAHB0001828 | Q6: Bank of Maharashtra | R6: JEJURI | S6: RITESH AJIT SINGH
A7: KFI-003 | B7: KFab Infra Project Pvt. Ltd. | C7: PRAMOD KUMAR SHRIRAM SINGH | E7: 9881309872 | G7: SHRIRAM SINGH | H7: 15-11-1969 | I7: MALE | J7: YES | K7: 04-01-2026 | L7: 8413 4563 9338 | M7: AOUPS1256G
A8: KFI-004 | B8: KFab Infra Project Pvt. Ltd. | C8: AJITKUMAR JAGDISH SINGH | E8: 9922427381 | G8: JAGDISH SINGH | H8: 07-12-1979 | I8: MALE | J8: NO | K8: 04-01-2026 | L8: 9490 9994 4650 | M8: CMLPS1299G | O8: 4530100011836 | P8: BARB0JEJURI | Q8: BANK OF BARODA | R8: JEJURI | S8: AJITKUMAR JAGDISH SINGH
A9: KFI-005 | B9: KFab Infra Project Pvt. Ltd. | C9: AWADESH JAGADISH SINGH | E9: 8793035493 | G9: JAGDISH SINGH
A10: KFI-006 | B10: KFab Infra Project Pvt. Ltd. | C10: SUBHASH JAGDISH SINGH | E10: 9762814532 | G10: JAGDISH SINGH | H10: 08-07-1983 | I10: MALE | J10: YES | K10: 04-01-2026 | L10: 3453 2488 2809 | M10: KFHPS3111C | O10: 75980100012285 | P10: BARBOPOOCAM | Q10: BANK OF BARODA | R10: CAMP | S10: SUBHASH JAGDISH SINGH
A11: KFI-007 | B11: KFab Infra Project Pvt. Ltd. | C11: JITENDRA SINGH | E11: 876706859 | O11: 4530100016972 | P11: BARB0JEJURI | Q11: BANK OF BARODA | R11: JEJURI | S11: JITENDRA SINGH
A12: KFI-008 | B12: KFab Infra Project Pvt. Ltd. | C12: SATENDRA SINGH | E12: 9970263761 | H12: 20-10-1983 | I12: MALE | J12: YES | O12: 4530100018888 | P12: BARB0JEJURI | Q12: BANK OF BARODA | R12: JEJURI | S12: SATENDRA SINGH
A13: KFI-009 | B13: KFab Infra Project Pvt. Ltd. | C13: MANISH SHAH | E13: 8055949152 | O13: 4530100017379 | P13: BARB0JEJURI | Q13: BANK OF BARODA | R13: JEJURI | S13: MANISH SHAH
A14: KFI-010 | B14: KFab Infra Project Pvt. Ltd. | C14: DINESH MONDAL | E14: 7709239279 | G14: GOPAL MONDAL | H14: 06-01-1972 | I14: MALE | J14: YES | K14: 04-01-2026 | L14: 6335 6009 3967 | M14: CBGPM4129K | O14: 4530100017462 | P14: BARB0JEJURI | Q14: BANK OF BARODA | R14: JEJURI | S14: DINESH MONDAL
A15: KFI-011 | B15: KFab Infra Project Pvt. Ltd. | C15: HRIDAY DAS | E15: 8055359464 | G15: SHYAMAL DAS | H15: 08-09-1983 | I15: MALE | J15: YES | K15: 04-01-2026 | L15: 9617 6394 1674 | M15: AJKPH7922B | O15: 4530100017496 | P15: BARB0JEJURI | Q15: BANK OF BARODA | R15: JEJURI | S15: HRIDAY DAS
A16: KFI-012 | B16: KFab Infra Project Pvt. Ltd. | C16: LAXMI SHYAMAL DAS | E16: 9595752481 | G16: SHYAMAL DAS | H16: 04-10-1989 | I16: MALE | J16: NO | K16: 04-01-2026 | L16: 8679 7234 6613 | M16: AKCPL0554C | O16: 4538100003309 | P16: BARB0JEJURI | Q16: BANK OF BARODA | R16: JEJURI | S16: LAXMI SHYAMAL DAS
A17: KFI-013 | B17: KFab Infra Project Pvt. Ltd. | C17: VIKAS RAMAVTAR YADAV | E17: 7776027401 | G17: RAMAAVTAR YADAV | H17: 15-08-1995 | I17: MALE | J17: NO | K17: 04-01-2026 | L17: 2136 1196 1381 | M17: ASSPY4292N | O17: 42940894074 | P17: SBIN0011518 | Q17: STATE BANK OF INDIA | R17: JEJURI | S17: VIKAS RAMAVTAR YADAV
A18: KFI-014 | B18: KFab Infra Project Pvt. Ltd. | C18: AVINASH BHAUSO PAWAR | E18: 7420978779 | G18: BHAUSO KISAN PAWAR | H18: 18-01-1989 | I18: MALE | J18: YES | K18: 04-01-2026 | L18: 6931 9064 9036 | M18: BKOPP6505Q | O18: 36228948983 | P18: SBIN0011518 | Q18: STATE BANK OF INDIA | R18: JEJURI | S18: AVINASH BHAUSO PAWAR
A19: KUM-001 | B19: Kumar Fabricators | C19: Dharmnath Manzi
A20: KUM-002 | B20: Kumar Fabricators | C20: krishna Rajbhar
A21: KUM-003 | B21: Kumar Fabricators | C21: Munna Ansari | E21: 7387239195 | H21: 01-01-1978 | I21: MALE | J21: YES | K21: 01-04-2026 | L21: 9583 8604 7523 | O21: 4538100008110 | P21: BARABOJEJURI | Q21: BANK OF BARODA | R21: JEJURI | S21: Munna Ansari
A22: KUM-004 | B22: Kumar Fabricators | C22: PRAJAKTA BALKU DAGADE | E22: 9356357191 | G22: BALAKU DAGADE | H22: 23-12-2002 | I22: FEMALE | J22: NO | K22: 15-06-2026 | L22: 7337 8408 4448 | M22: IQYPD5872F | O22: 60144572568 | P22: MAHB0000177 | Q22: BANK OF MAHARASHTRA | R22: WALHE | S22: PRAJAKTA BALKU DAGADE | U22: MALAN BALAKU DAGADE | V22: FEMALE | W22: 06-01-1980 | X22: MOTHER | Y22: BALAKU DAGADE | Z22: MALE | AA22: 06-01-1971 | AB22: FATHER
A23: KUM-005 | B23: Kumar Fabricators | C23: GAYATRI ASHOK GAIKWAD | E23: 7028361081 | G23: ASHOK GAIKWAD | H23: 27-10-2004 | I23: FEMALE | J23: NO | K23: 21-08-2026 | L23: 4920 7270 3185 | M23: EUGPG3049R | O23: 04538100002668 | P23: BARABOJEJURI | Q23: BANK OF BARODA | R23: JEJURI | S23: GAYATRI ASHOK GAIKWAD | U23: REKHA ASHOK GAIKWAD | V23: FEMALE | W23: 04-02-1982 | X23: MOTHER | Y23: ASHOK GAIKWAD | Z23: MALE | AA23: 01-05-1975 | AB23: FATHER
A24: KUM-006 | B24: Kumar Fabricators | C24: Roshan Ali | E24: 7038109447 | H24: 19-09-1983 | I24: MALE | J24: YES | K24: 01-04-2026 | L24: 2938 2836 0127 | M24: AKQPA8280Q | O24: 04538100003306 | P24: BARABOJEJURI | Q24: BANK OF BARODA | R24: JEJURI | S24: Roshan Ali | Y24: NASRIN SULTANA | Z24: FEMALE | AB24: WIFE
A25: KUM-007 | B25: Kumar Fabricators | C25: Abhishek Rajbhar | E25: 7317669903 | H25: 01-01-2009 | I25: MALE | J25: NO | L25: 7227 5272 4292 | P25: UBIN0576905 | Q25: UNION BANK | R25: UTTAR PRADESH | S25: Abhishek Rajbhar
A26: KUM-008 | B26: Kumar Fabricators | C26: Balindar Rajbhar
A27: KUM-009 | B27: Kumar Fabricators | C27: Amit Kumar
A28: KUM-010 | B28: Kumar Fabricators | C28: Jitendar Sanket | E28: 8235898787 | G28: PREMNATH SINGH | H28: 06-01-1979 | I28: MALE | J28: YES | K28: 04-01-2026 | L28: 2630 7407 7125 | M28: CNVPS8660N | O28: 8235898787 | P28: AIRP0000001 | Q28: AIRTEL PAYMENT BANK | R28: GURGAON | S28: Jitendar Sanket
A29: KUM-011 | B29: Kumar Fabricators | C29: Rahul Gupta | E29: 8808947957 | H29: 07-02-1995 | I29: MALE | J29: YES | K29: 04-01-2026 | L29: 8436 0772 6364 | O29: 769002010003176 | P29: UBIN0576905 | Q29: UNION BANK | R29: MALETHI | S29: Rahul Gupta
A30: KUM-012 | B30: Kumar Fabricators | C30: Santosh Lawande | E30: 9552338820 | G30: BABURAV LAWANDE | H30: 06-01-1980 | I30: MALE | J30: YES | L30: 8835 7983 1825 | O30: 25013987609 | P30: MAHB0000177 | Q30: BANK OF MAHARASHTRA | R30: WALHE | S30: Santosh Lawande
A31: KUM-013 | B31: Kumar Fabricators | C31: Suraj Yadav | E31: 895731704 | G31: Shiv Bahadur Yadav | H31: 01-01-2003 | I31: Male | J31: No | K31: 08-11-2026 | O31: 680702120032216 | P31: UBIN0568074 | Q31: UNION BANK | R31: SIKANDERPUR | S31: Suraj Yadav | U31: Shiv Bahadur Yadav | V31: Male | X31: Father | Y31: Urmiladevi Shiv Yadav | Z31: Female | AB31: Mother
A32: KUM-014 | B32: Kumar Fabricators | C32: Rahul Bhokhal Yadav | E32: 7764002431 | G32: Bhokhal Yadav | H32: 01-01-2004 | I32: Male | J32: No | K32: 21-08-2026 | L32: 9880 7773 8544 | O32: 5515252607 | P32: CBIN0281566 | Q32: Bank Of India | R32: BIJOYPUR | S32: Rahul Bhokhal Yadav | U32: Bhokhal Yadav | V32: Male | W32: 01-01-1975 | X32: Father | Y32: Indradevi B Yadav | Z32: Female | AA32: 01-01-1980 | AB32: Mother
A34: KUM-016 | B34: Kumar Fabricators | C34: MD. PARWEZ AALAM | E34: 7247370274 | G34: MD. MUJIBUR RAHMAN | H34: 09-04-1997 | I34: Male | J34: YES | K34: 09-01-2026 | L34: 5256 2794 2904 | M34: BXBPA0662D | O34: 3195807349 | P34: CBIN0283776 | Q34: CENTRAL BANK OF INDIA | R34: BIHAR | S34: MD. PARWEZ AALAM
A35: KUM-017 | B35: Kumar Fabricators | C35: Ramkumar Prasad | E35: 7485937535 | G35: HARISHARAN | H35: 03-01-2003 | I35: Male | L35: 5658 2407 1565 | M35: GSHPP4559L | O35: 50220007586431 | P35: BDBL0001911 | Q35: BHANDHAN BANK | R35: PADRAUNA | S35: Ramkumar Prasad
A36: KUM-018 | B36: Kumar Fabricators | C36: Avinash Pawar
A37: KUM-019 | B37: Kumar Fabricators | C37: Suresh Ram | O37: 04530800011624 | P37: BARABOJEJURI | Q37: Bank Of Baroda | R37: JEJURI | S37: Suresh Ram
A38: KUM-020 | B38: Kumar Fabricators | C38: Sanjay Bhosale | E38: 9834946417 | O38: 50100411838059 | P38: HDFC0009317 | Q38: HDFC BANK | R38: PUNE KHADKI | S38: Sanjay Bhosale
A39: KUM-021 | B39: Kumar Fabricators | C39: Ankush Memane

Sheet Bank Details
A1: EMPLOYEE BANK DETAILS — ACTIVE EMPLOYEES ONLY
A2: AUTO-FILLED FROM Active. Update salary/bank information on Active; do not edit payment rows here. Removing an employee from Active removes them from this list.
A4: Sr. No. | B4: Company Name | C4: Employee Name | D4: Salary / Net Pay | E4: Mobile No | F4: Bank Account No | G4: IFSC Code | H4: Bank Name | I4: Branch | J4: Account Holder Name
A5: =IF(Active!$C5="","",COUNTIF(Active!$C$5:$C5,"?*")) -> 1 | B5: =IF(Active!$C5="","",Active!$B5) -> KFab Infra Project Pvt. Ltd. | C5: =IF(Active!$C5="","",Active!$C5) -> ABHISHEK PRAMOD SINGH | D5: =IF(Active!$C5="","",Active!$N5) -> 0 | E5: =IF(Active!$C5="","",Active!$E5) -> 9561008389 | F5: =IF(Active!$C5="","",Active!$O5) -> 50100699878190 | G5: =IF(Active!$C5="","",Active!$P5) -> HDFC0002202 | H5: =IF(Active!$C5="","",Active!$Q5) -> HDFC | I5: =IF(Active!$C5="","",Active!$R5) -> SHIRWAL | J5: =IF(Active!$C5="","",Active!$S5) -> ABHISHEK PRAMOD SINGH
A6: =IF(Active!$C6="","",COUNTIF(Active!$C$5:$C6,"?*")) -> 2 | B6: =IF(Active!$C6="","",Active!$B6) -> KFab Infra Project Pvt. Ltd. | C6: =IF(Active!$C6="","",Active!$C6) -> RITESH AJIT SINGH | D6: =IF(Active!$C6="","",Active!$N6) -> 0 | E6: =IF(Active!$C6="","",Active!$E6) -> 7709170075 | F6: =IF(Active!$C6="","",Active!$O6) -> 68029499885 | G6: =IF(Active!$C6="","",Active!$P6) -> MAHB0001828 | H6: =IF(Active!$C6="","",Active!$Q6) -> Bank of Maharashtra | I6: =IF(Active!$C6="","",Active!$R6) -> JEJURI | J6: =IF(Active!$C6="","",Active!$S6) -> RITESH AJIT SINGH
A7: =IF(Active!$C7="","",COUNTIF(Active!$C$5:$C7,"?*")) -> 3 | B7: =IF(Active!$C7="","",Active!$B7) -> KFab Infra Project Pvt. Ltd. | C7: =IF(Active!$C7="","",Active!$C7) -> PRAMOD KUMAR SHRIRAM SINGH | D7: =IF(Active!$C7="","",Active!$N7) -> 0 | E7: =IF(Active!$C7="","",Active!$E7) -> 9881309872 | F7: =IF(Active!$C7="","",Active!$O7) -> 0 | G7: =IF(Active!$C7="","",Active!$P7) -> 0 | H7: =IF(Active!$C7="","",Active!$Q7) -> 0 | I7: =IF(Active!$C7="","",Active!$R7) -> 0 | J7: =IF(Active!$C7="","",Active!$S7) -> 0
A8: =IF(Active!$C8="","",COUNTIF(Active!$C$5:$C8,"?*")) -> 4 | B8: =IF(Active!$C8="","",Active!$B8) -> KFab Infra Project Pvt. Ltd. | C8: =IF(Active!$C8="","",Active!$C8) -> AJITKUMAR JAGDISH SINGH | D8: =IF(Active!$C8="","",Active!$N8) -> 0 | E8: =IF(Active!$C8="","",Active!$E8) -> 9922427381 | F8: =IF(Active!$C8="","",Active!$O8) -> 4530100011836 | G8: =IF(Active!$C8="","",Active!$P8) -> BARB0JEJURI | H8: =IF(Active!$C8="","",Active!$Q8) -> BANK OF BARODA | I8: =IF(Active!$C8="","",Active!$R8) -> JEJURI | J8: =IF(Active!$C8="","",Active!$S8) -> AJITKUMAR JAGDISH SINGH
A9: =IF(Active!$C9="","",COUNTIF(Active!$C$5:$C9,"?*")) -> 5 | B9: =IF(Active!$C9="","",Active!$B9) -> KFab Infra Project Pvt. Ltd. | C9: =IF(Active!$C9="","",Active!$C9) -> AWADESH JAGADISH SINGH | D9: =IF(Active!$C9="","",Active!$N9) -> 0 | E9: =IF(Active!$C9="","",Active!$E9) -> 8793035493 | F9: =IF(Active!$C9="","",Active!$O9) -> 0 | G9: =IF(Active!$C9="","",Active!$P9) -> 0 | H9: =IF(Active!$C9="","",Active!$Q9) -> 0 | I9: =IF(Active!$C9="","",Active!$R9) -> 0 | J9: =IF(Active!$C9="","",Active!$S9) -> 0
A10: =IF(Active!$C10="","",COUNTIF(Active!$C$5:$C10,"?*")) -> 6 | B10: =IF(Active!$C10="","",Active!$B10) -> KFab Infra Project Pvt. Ltd. | C10: =IF(Active!$C10="","",Active!$C10) -> SUBHASH JAGDISH SINGH | D10: =IF(Active!$C10="","",Active!$N10) -> 0 | E10: =IF(Active!$C10="","",Active!$E10) -> 9762814532 | F10: =IF(Active!$C10="","",Active!$O10) -> 75980100012285 | G10: =IF(Active!$C10="","",Active!$P10) -> BARBOPOOCAM | H10: =IF(Active!$C10="","",Active!$Q10) -> BANK OF BARODA | I10: =IF(Active!$C10="","",Active!$R10) -> CAMP | J10: =IF(Active!$C10="","",Active!$S10) -> SUBHASH JAGDISH SINGH
A11: =IF(Active!$C11="","",COUNTIF(Active!$C$5:$C11,"?*")) -> 7 | B11: =IF(Active!$C11="","",Active!$B11) -> KFab Infra Project Pvt. Ltd. | C11: =IF(Active!$C11="","",Active!$C11) -> JITENDRA SINGH | D11: =IF(Active!$C11="","",Active!$N11) -> 0 | E11: =IF(Active!$C11="","",Active!$E11) -> 876706859 | F11: =IF(Active!$C11="","",Active!$O11) -> 4530100016972 | G11: =IF(Active!$C11="","",Active!$P11) -> BARB0JEJURI | H11: =IF(Active!$C11="","",Active!$Q11) -> BANK OF BARODA | I11: =IF(Active!$C11="","",Active!$R11) -> JEJURI | J11: =IF(Active!$C11="","",Active!$S11) -> JITENDRA SINGH
A12: =IF(Active!$C12="","",COUNTIF(Active!$C$5:$C12,"?*")) -> 8 | B12: =IF(Active!$C12="","",Active!$B12) -> KFab Infra Project Pvt. Ltd. | C12: =IF(Active!$C12="","",Active!$C12) -> SATENDRA SINGH | D12: =IF(Active!$C12="","",Active!$N12) -> 0 | E12: =IF(Active!$C12="","",Active!$E12) -> 9970263761 | F12: =IF(Active!$C12="","",Active!$O12) -> 4530100018888 | G12: =IF(Active!$C12="","",Active!$P12) -> BARB0JEJURI | H12: =IF(Active!$C12="","",Active!$Q12) -> BANK OF BARODA | I12: =IF(Active!$C12="","",Active!$R12) -> JEJURI | J12: =IF(Active!$C12="","",Active!$S12) -> SATENDRA SINGH
A13: =IF(Active!$C13="","",COUNTIF(Active!$C$5:$C13,"?*")) -> 9 | B13: =IF(Active!$C13="","",Active!$B13) -> KFab Infra Project Pvt. Ltd. | C13: =IF(Active!$C13="","",Active!$C13) -> MANISH SHAH | D13: =IF(Active!$C13="","",Active!$N13) -> 0 | E13: =IF(Active!$C13="","",Active!$E13) -> 8055949152 | F13: =IF(Active!$C13="","",Active!$O13) -> 4530100017379 | G13: =IF(Active!$C13="","",Active!$P13) -> BARB0JEJURI | H13: =IF(Active!$C13="","",Active!$Q13) -> BANK OF BARODA | I13: =IF(Active!$C13="","",Active!$R13) -> JEJURI | J13: =IF(Active!$C13="","",Active!$S13) -> MANISH SHAH
A14: =IF(Active!$C14="","",COUNTIF(Active!$C$5:$C14,"?*")) -> 10 | B14: =IF(Active!$C14="","",Active!$B14) -> KFab Infra Project Pvt. Ltd. | C14: =IF(Active!$C14="","",Active!$C14) -> DINESH MONDAL | D14: =IF(Active!$C14="","",Active!$N14) -> 0 | E14: =IF(Active!$C14="","",Active!$E14) -> 7709239279 | F14: =IF(Active!$C14="","",Active!$O14) -> 4530100017462 | G14: =IF(Active!$C14="","",Active!$P14) -> BARB0JEJURI | H14: =IF(Active!$C14="","",Active!$Q14) -> BANK OF BARODA | I14: =IF(Active!$C14="","",Active!$R14) -> JEJURI | J14: =IF(Active!$C14="","",Active!$S14) -> DINESH MONDAL
A15: =IF(Active!$C15="","",COUNTIF(Active!$C$5:$C15,"?*")) -> 11 | B15: =IF(Active!$C15="","",Active!$B15) -> KFab Infra Project Pvt. Ltd. | C15: =IF(Active!$C15="","",Active!$C15) -> HRIDAY DAS | D15: =IF(Active!$C15="","",Active!$N15) -> 0 | E15: =IF(Active!$C15="","",Active!$E15) -> 8055359464 | F15: =IF(Active!$C15="","",Active!$O15) -> 4530100017496 | G15: =IF(Active!$C15="","",Active!$P15) -> BARB0JEJURI | H15: =IF(Active!$C15="","",Active!$Q15) -> BANK OF BARODA | I15: =IF(Active!$C15="","",Active!$R15) -> JEJURI | J15: =IF(Active!$C15="","",Active!$S15) -> HRIDAY DAS
A16: =IF(Active!$C16="","",COUNTIF(Active!$C$5:$C16,"?*")) -> 12 | B16: =IF(Active!$C16="","",Active!$B16) -> KFab Infra Project Pvt. Ltd. | C16: =IF(Active!$C16="","",Active!$C16) -> LAXMI SHYAMAL DAS | D16: =IF(Active!$C16="","",Active!$N16) -> 0 | E16: =IF(Active!$C16="","",Active!$E16) -> 9595752481 | F16: =IF(Active!$C16="","",Active!$O16) -> 4538100003309 | G16: =IF(Active!$C16="","",Active!$P16) -> BARB0JEJURI | H16: =IF(Active!$C16="","",Active!$Q16) -> BANK OF BARODA | I16: =IF(Active!$C16="","",Active!$R16) -> JEJURI | J16: =IF(Active!$C16="","",Active!$S16) -> LAXMI SHYAMAL DAS
... A32: =IF(Active!$C32="","",COUNTIF(Active!$C$5:$C32,"?*")) -> 28 | B32: =IF(Active!$C32="","",Active!$B32) -> Kumar Fabricators | C32: =IF(Active!$C32="","",Active!$C32) -> Rahul Bhokhal Yadav | D32: =IF(Active!$C32="","",Active!$N32) -> 0 | E32: =IF(Active!$C32="","",Active!$E32) -> 7764002431 | F32: =IF(Active!$C32="","",Active!$O32) -> 5515252607 | G32: =IF(Active!$C32="","",Active!$P32) -> CBIN0281566 | H32: =IF(Active!$C32="","",Active!$Q32) -> Bank Of India | I32: =IF(Active!$C32="","",Active!$R32) -> BIJOYPUR | J32: =IF(Active!$C32="","",Active!$S32) -> Rahul Bhokhal Yadav
A33: =IF(Inactive!$C5="","",COUNTIF(Active!$C$5:$C32,"?*")) -> 28 | B33: =IF(Inactive!$C5="","",Inactive!$B5) -> Kumar Fabricators | C33: =IF(Inactive!$C5="","",Inactive!$C5) -> VISHNU KANT PATHAK | D33: =IF(Inactive!$C5="","",Inactive!$N5) -> 0 | E33: =IF(Inactive!$C5="","",Inactive!$E5) -> 8887216069 | F33: =IF(Inactive!$C5="","",Inactive!$O5) -> 665702120004783 | G33: =IF(Inactive!$C5="","",Inactive!$P5) -> UBIN0566578 | H33: =IF(Inactive!$C5="","",Inactive!$Q5) -> UNION BANK | I33: =IF(Inactive!$C5="","",Inactive!$R5) -> BAJALPUR | J33: =IF(Inactive!$C5="","",Inactive!$S5) -> VISHNU KANT PATHAK
A34: =IF(Active!$C34="","",COUNTIF(Active!$C$5:$C34,"?*")) -> 29 | B34: =IF(Active!$C34="","",Active!$B34) -> Kumar Fabricators | C34: =IF(Active!$C34="","",Active!$C34) -> MD. PARWEZ AALAM | D34: =IF(Active!$C34="","",Active!$N34) -> 0 | E34: =IF(Active!$C34="","",Active!$E34) -> 7247370274 | F34: =IF(Active!$C34="","",Active!$O34) -> 3195807349 | G34: =IF(Active!$C34="","",Active!$P34) -> CBIN0283776 | H34: =IF(Active!$C34="","",Active!$Q34) -> CENTRAL BANK OF INDIA | I34: =IF(Active!$C34="","",Active!$R34) -> BIHAR | J34: =IF(Active!$C34="","",Active!$S34) -> MD. PARWEZ AALAM
A35: =IF(Active!$C35="","",COUNTIF(Active!$C$5:$C35,"?*")) -> 30 | B35: =IF(Active!$C35="","",Active!$B35) -> Kumar Fabricators | C35: =IF(Active!$C35="","",Active!$C35) -> Ramkumar Prasad | D35: =IF(Active!$C35="","",Active!$N35) -> 0 | E35: =IF(Active!$C35="","",Active!$E35) -> 7485937535 | F35: =IF(Active!$C35="","",Active!$O35) -> 50220007586431 | G35: =IF(Active!$C35="","",Active!$P35) -> BDBL0001911 | H35: =IF(Active!$C35="","",Active!$Q35) -> BHANDHAN BANK | I35: =IF(Active!$C35="","",Active!$R35) -> PADRAUNA | J35: =IF(Active!$C35="","",Active!$S35) -> Ramkumar Prasad
A36: =IF(Active!$C36="","",COUNTIF(Active!$C$5:$C36,"?*")) -> 31 | B36: =IF(Active!$C36="","",Active!$B36) -> Kumar Fabricators | C36: =IF(Active!$C36="","",Active!$C36) -> Avinash Pawar | D36: =IF(Active!$C36="","",Active!$N36) -> 0 | E36: =IF(Active!$C36="","",Active!$E36) -> 0 | F36: =IF(Active!$C36="","",Active!$O36) -> 0 | G36: =IF(Active!$C36="","",Active!$P36) -> 0 | H36: =IF(Active!$C36="","",Active!$Q36) -> 0 | I36: =IF(Active!$C36="","",Active!$R36) -> 0 | J36: =IF(Active!$C36="","",Active!$S36) -> 0
A37: =IF(Active!$C37="","",COUNTIF(Active!$C$5:$C37,"?*")) -> 32 | B37: =IF(Active!$C37="","",Active!$B37) -> Kumar Fabricators | C37: =IF(Active!$C37="","",Active!$C37) -> Suresh Ram | D37: =IF(Active!$C37="","",Active!$N37) -> 0 | E37: =IF(Active!$C37="","",Active!$E37) -> 0 | F37: =IF(Active!$C37="","",Active!$O37) -> 04530800011624 | G37: =IF(Active!$C37="","",Active!$P37) -> BARABOJEJURI | H37: =IF(Active!$C37="","",Active!$Q37) -> Bank Of Baroda | I37: =IF(Active!$C37="","",Active!$R37) -> JEJURI | J37: =IF(Active!$C37="","",Active!$S37) -> Suresh Ram
A38: =IF(Active!$C38="","",COUNTIF(Active!$C$5:$C38,"?*")) -> 33 | B38: =IF(Active!$C38="","",Active!$B38) -> Kumar Fabricators | C38: =IF(Active!$C38="","",Active!$C38) -> Sanjay Bhosale | D38: =IF(Active!$C38="","",Active!$N38) -> 0 | E38: =IF(Active!$C38="","",Active!$E38) -> 9834946417 | F38: =IF(Active!$C38="","",Active!$O38) -> 50100411838059 | G38: =IF(Active!$C38="","",Active!$P38) -> HDFC0009317 | H38: =IF(Active!$C38="","",Active!$Q38) -> HDFC BANK | I38: =IF(Active!$C38="","",Active!$R38) -> PUNE KHADKI | J38: =IF(Active!$C38="","",Active!$S38) -> Sanjay Bhosale
A39: =IF(Active!$C39="","",COUNTIF(Active!$C$5:$C39,"?*")) -> 34 | B39: =IF(Active!$C39="","",Active!$B39) -> Kumar Fabricators | C39: =IF(Active!$C39="","",Active!$C39) -> Ankush Memane | D39: =IF(Active!$C39="","",Active!$N39) -> 0 | E39: =IF(Active!$C39="","",Active!$E39) -> 0 | F39: =IF(Active!$C39="","",Active!$O39) -> 0 | G39: =IF(Active!$C39="","",Active!$P39) -> 0 | H39: =IF(Active!$C39="","",Active!$Q39) -> 0 | I39: =IF(Active!$C39="","",Active!$R39) -> 0 | J39: =IF(Active!$C39="","",Active!$S39) -> 0
A40: =IF(Active!$C40="","",COUNTIF(Active!$C$5:$C40,"?*")) | B40: =IF(Active!$C40="","",Active!$B40) | C40: =IF(Active!$C40="","",Active!$C40) | D40: =IF(Active!$C40="","",Active!$N40) | E40: =IF(Active!$C40="","",Active!$E40) | F40: =IF(Active!$C40="","",Active!$O40) | G40: =IF(Active!$C40="","",Active!$P40) | H40: =IF(Active!$C40="","",Active!$Q40) | I40: =IF(Active!$C40="","",Active!$R40) | J40: =IF(Active!$C40="","",Active!$S40)
A41: =IF(Active!$C41="","",COUNTIF(Active!$C$5:$C41,"?*")) | B41: =IF(Active!$C41="","",Active!$B41) | C41: =IF(Active!$C41="","",Active!$C41) | D41: =IF(Active!$C41="","",Active!$N41) | E41: =IF(Active!$C41="","",Active!$E41) | F41: =IF(Active!$C41="","",Active!$O41) | G41: =IF(Active!$C41="","",Active!$P41) | H41: =IF(Active!$C41="","",Active!$Q41) | I41: =IF(Active!$C41="","",Active!$R41) | J41: =IF(Active!$C41="","",Active!$S41)
A42: =IF(Active!$C42="","",COUNTIF(Active!$C$5:$C42,"?*")) | B42: =IF(Active!$C42="","",Active!$B42) | C42: =IF(Active!$C42="","",Active!$C42) | D42: =IF(Active!$C42="","",Active!$N42) | E42: =IF(Active!$C42="","",Active!$E42) | F42: =IF(Active!$C42="","",Active!$O42) | G42: =IF(Active!$C42="","",Active!$P42) | H42: =IF(Active!$C42="","",Active!$Q42) | I42: =IF(Active!$C42="","",Active!$R42) | J42: =IF(Active!$C42="","",Active!$S42)
A43: =IF(Active!$C43="","",COUNTIF(Active!$C$5:$C43,"?*")) | B43: =IF(Active!$C43="","",Active!$B43) | C43: =IF(Active!$C43="","",Active!$C43) | D43: =IF(Active!$C43="","",Active!$N43) | E43: =IF(Active!$C43="","",Active!$E43) | F43: =IF(Active!$C43="","",Active!$O43) | G43: =IF(Active!$C43="","",Active!$P43) | H43: =IF(Active!$C43="","",Active!$Q43) | I43: =IF(Active!$C43="","",Active!$R43) | J43: =IF(Active!$C43="","",Active!$S43)
A44: =IF(Active!$C44="","",COUNTIF(Active!$C$5:$C44,"?*")) | B44: =IF(Active!$C44="","",Active!$B44) | C44: =IF(Active!$C44="","",Active!$C44) | D44: =IF(Active!$C44="","",Active!$N44) | E44: =IF(Active!$C44="","",Active!$E44) | F44: =IF(Active!$C44="","",Active!$O44) | G44: =IF(Active!$C44="","",Active!$P44) | H44: =IF(Active!$C44="","",Active!$Q44) | I44: =IF(Active!$C44="","",Active!$R44) | J44: =IF(Active!$C44="","",Active!$S44)
A45: =IF(Active!$C45="","",COUNTIF(Active!$C$5:$C45,"?*")) | B45: =IF(Active!$C45="","",Active!$B45) | C45: =IF(Active!$C45="","",Active!$C45) | D45: =IF(Active!$C45="","",Active!$N45) | E45: =IF(Active!$C45="","",Active!$E45) | F45: =IF(Active!$C45="","",Active!$O45) | G45: =IF(Active!$C45="","",Active!$P45) | H45: =IF(Active!$C45="","",Active!$Q45) | I45: =IF(Active!$C45="","",Active!$R45) | J45: =IF(Active!$C45="","",Active!$S45)
... A504: =IF(Active!$C504="","",COUNTIF(Active!$C$5:$C504,"?*")) | B504: =IF(Active!$C504="","",Active!$B504) | C504: =IF(Active!$C504="","",Active!$C504) | D504: =IF(Active!$C504="","",Active!$N504) | E504: =IF(Active!$C504="","",Active!$E504) | F504: =IF(Active!$C504="","",Active!$O504) | G504: =IF(Active!$C504="","",Active!$P504) | H504: =IF(Active!$C504="","",Active!$Q504) | I504: =IF(Active!$C504="","",Active!$R504) | J504: =IF(Active!$C504="","",Active!$S504)

Sheet Inactive
A1: EMPLOYEE MASTER — INACTIVE / FORMER EMPLOYEES
A2: HISTORY: Store former employees here with all original details. To rehire, copy the full row back to Active and confirm bank details before payment.
A4: Employee ID | B4: Company Name | C4: Employee Name | D4: Designation | E4: Mobile No | F4: ESIC No | G4: Father's Name | H4: Date of Birth | I4: Gender | J4: Marital Status | K4: Date of Joining | L4: Aadhaar No | M4: PAN No | N4: Salary / Wage | O4: Bank Account No | P4: IFSC Code | Q4: Bank Name | R4: Branch | S4: Account Holder Name | T4: UAN / PF No | U4: Nominee Name | V4: Nominee Gender | W4: Nominee DOB | X4: Nominee Relation | Y4: Family Member 1 Name | Z4: Family Member 1 Gender | AA4: Family Member 1 DOB | AB4: Family Member 1 Relation | AC4: Family Member 2 Name | AD4: Family Member 2 Gender | AE4: Family Member 2 DOB | AF4: Family Member 2 Relation | AG4: Emergency Contact | AH4: Address | AI4: Blood Group | AJ4: Remarks
A5: KUM-015 | B5: Kumar Fabricators | C5: VISHNU KANT PATHAK | E5: 8887216069 | G5: DEEP NARAYAN PATHAK | H5: 15-07-2005 | I5: Male | J5: NO | K5: 17-09-2026 | L5: 3651 3769 0349 | M5: HRQPP8361F | O5: 665702120004783 | P5: UBIN0566578 | Q5: UNION BANK | R5: BAJALPUR | S5: VISHNU KANT PATHAK
